pair_number,pair_name,test_number,test_name,target_data_percentage,training_mode,training_time,silhouette_score,davies_bouldin_index,calinski_harabasz,inertia,n_clusters,prediction_time,n_samples,train_samples,test_samples,optimal_k
1,Pair 1: Cleaning & Household → Foodgrains,1,Zero-Shot Transfer,0,transfer_only,0.0,0.36940747775453225,0.9368985943396333,763.8913816510784,1814.6398916251987,3,0.08031010627746582,1200,,,
1,Pair 1: Cleaning & Household → Foodgrains,2,Fine-tune 10%,10,finetune,0.22124314308166504,0.5683136286476929,0.5917291274956319,1639.704824076884,52042618.05655989,3,0.005524396896362305,1080,120.0,1080.0,
1,Pair 1: Cleaning & Household → Foodgrains,3,Fine-tune 20%,20,finetune,0.07719588279724121,0.5937201449722191,0.5559225302181238,1682.6132773766983,196736766.208198,3,0.002007007598876953,960,240.0,960.0,
1,Pair 1: Cleaning & Household → Foodgrains,4,Fine-tune 50%,50,finetune,0.08870124816894531,0.5717900772150754,0.5977217384661774,864.8525428344852,422347809.37544686,3,0.0020072460174560547,600,600.0,600.0,
1,Pair 1: Cleaning & Household → Foodgrains,5,Train from Scratch,100,from_scratch,0.09955739974975586,0.5885100155031394,0.5583274616158566,2120.006521721959,1170374203.5749707,3,0.004015684127807617,1200,,,3.0
