pair_number,pair_name,test_number,test_name,target_data_percentage,training_mode,training_time,silhouette_score,davies_bouldin_index,calinski_harabasz,inertia,n_clusters,prediction_time,n_samples,train_samples,test_samples,optimal_k
2,"Pair 2: Snacks → Kitchen, Garden & Pets",1,Zero-Shot Transfer,0,transfer_only,0.0,0.1926442173534424,0.911697979111625,330.7765688297453,1766.992750363833,3,0.0038726329803466797,1200,,,
2,"Pair 2: Snacks → Kitchen, Garden & Pets",2,Fine-tune 10%,10,finetune,0.06886005401611328,0.594045441709012,0.5706406778177553,2022.7142880815215,418219426.1180239,3,0.005017757415771484,1080,120.0,1080.0,
2,"Pair 2: Snacks → Kitchen, Garden & Pets",3,Fine-tune 20%,20,finetune,0.07172441482543945,0.5835589398831483,0.5580581827276955,1877.6892137496875,737077273.6461855,3,0.0020055770874023438,960,240.0,960.0,
2,"Pair 2: Snacks → Kitchen, Garden & Pets",4,Fine-tune 50%,50,finetune,0.08923506736755371,0.5835130138352818,0.5586947727019237,1235.2868342417091,2229808918.622205,3,0.003179311752319336,600,600.0,600.0,
2,"Pair 2: Snacks → Kitchen, Garden & Pets",5,Train from Scratch,100,from_scratch,0.1368858814239502,0.5910915095504706,0.56190047766611,2383.4889049857557,4227636300.5298314,3,0.013036489486694336,1200,,,3.0
