pair_number,pair_name,test_number,test_name,target_data_percentage,training_mode,training_time,silhouette_score,davies_bouldin_index,calinski_harabasz,inertia,n_clusters,prediction_time,n_samples,train_samples,test_samples,optimal_k
7,Pair 7: Beverages → Gourmet & World Food,1,Zero-Shot Transfer,0,transfer_only,0.0,0.3486957998248862,0.9236593970842487,690.5625466688331,1728.9426023421993,3,0.0,1200,,,
7,Pair 7: Beverages → Gourmet & World Food,2,Fine-tune 10%,10,finetune,0.10316586494445801,0.5857109883234871,0.5387119327043827,1878.8355973905202,211929435.83914542,3,0.009016275405883789,1080,120.0,1080.0,
7,Pair 7: Beverages → Gourmet & World Food,3,Fine-tune 20%,20,finetune,0.10564279556274414,0.5637570269621562,0.611432801845759,1515.9152427022286,332565810.2246743,3,0.0060155391693115234,960,240.0,960.0,
7,Pair 7: Beverages → Gourmet & World Food,4,Fine-tune 50%,50,finetune,0.11945462226867676,0.582326534398354,0.5820453447883829,1081.106249741022,967732408.8600978,3,0.006018161773681641,600,600.0,600.0,
7,Pair 7: Beverages → Gourmet & World Food,5,Train from Scratch,100,from_scratch,0.1201319694519043,0.5910723526861678,0.542656213995009,2179.578871803751,1991628060.1351666,3,0.0040225982666015625,1200,,,3.0
