pair_number,pair_name,test_number,test_name,target_data_percentage,training_mode,training_time,silhouette_score,davies_bouldin_index,calinski_harabasz,inertia,n_clusters,prediction_time,n_samples,train_samples,test_samples,optimal_k
6,"Pair 6: Baby Care → Bakery, Cakes & Dairy",1,Zero-Shot Transfer,0,transfer_only,0.0,0.3037956343093312,0.7250146367144822,736.3254835776912,1377.9734747603811,3,0.002122163772583008,1200,,,
6,"Pair 6: Baby Care → Bakery, Cakes & Dairy",2,Fine-tune 10%,10,finetune,0.10600566864013672,0.6079495585368871,0.5611864459970389,2609.4283151078557,36255278.27172782,3,0.006016731262207031,1080,120.0,1080.0,
6,"Pair 6: Baby Care → Bakery, Cakes & Dairy",3,Fine-tune 20%,20,finetune,0.0845940113067627,0.6078852762261792,0.5683864850640079,2266.351794734644,69452745.78751972,3,0.003509521484375,960,240.0,960.0,
6,"Pair 6: Baby Care → Bakery, Cakes & Dairy",4,Fine-tune 50%,50,finetune,0.1132504940032959,0.6010473656314933,0.5648647055562042,1594.9126848636479,219183598.46818775,3,0.006264686584472656,600,600.0,600.0,
6,"Pair 6: Baby Care → Bakery, Cakes & Dairy",5,Train from Scratch,100,from_scratch,0.11370229721069336,0.608880668924661,0.561673611236832,2949.693314956576,421251327.36425436,3,0.0040094852447509766,1200,,,3.0
