pair_number,pair_name,test_number,test_name,target_data_percentage,training_mode,training_time,silhouette_score,davies_bouldin_index,calinski_harabasz,inertia,n_clusters,prediction_time,n_samples,train_samples,test_samples,optimal_k
4,Pair 4: Premium → Mass-Market Beauty,1,Zero-Shot Transfer,0,transfer_only,0.0,0.4338477231669973,0.9470914587098148,620.0280060437831,1814.3564752482341,2,0.008165597915649414,1200,,,
4,Pair 4: Premium → Mass-Market Beauty,2,Fine-tune 10%,10,finetune,0.10745978355407715,0.5096642654511964,0.5814708045158262,2353.7233595598095,1982616.5022009236,3,0.0057561397552490234,1080,120.0,1080.0,
4,Pair 4: Premium → Mass-Market Beauty,3,Fine-tune 20%,20,finetune,0.10795140266418457,0.522626547555303,0.568455542138083,2285.7768800084814,4460710.670802055,3,0.003009319305419922,960,240.0,960.0,
4,Pair 4: Premium → Mass-Market Beauty,4,Fine-tune 50%,50,finetune,0.10192155838012695,0.5386823329874514,0.5507697213650463,1424.8749297117465,10063151.068146572,3,0.005144834518432617,600,600.0,600.0,
4,Pair 4: Premium → Mass-Market Beauty,5,Train from Scratch,100,from_scratch,0.11601972579956055,0.5421160891298897,0.5499123393140972,2925.890262691579,21025050.89841157,3,0.003509998321533203,1200,,,3.0
