pair_number,pair_name,test_number,test_name,target_data_percentage,training_mode,training_time,silhouette_score,davies_bouldin_index,calinski_harabasz,inertia,n_clusters,prediction_time,n_samples,train_samples,test_samples,optimal_k
3,Pair 3: Premium → Budget (Whole Dataset),1,Zero-Shot Transfer,0,transfer_only,0.0,0.29327645112989315,0.648876643343235,508.8599068568422,1633.976600081282,3,0.0027327537536621094,1200,,,
3,Pair 3: Premium → Budget (Whole Dataset),2,Fine-tune 10%,10,finetune,0.10465478897094727,0.5330064684439435,0.563683619090941,2722.472259356739,2690492.317515007,3,0.006017208099365234,1080,120.0,1080.0,
3,Pair 3: Premium → Budget (Whole Dataset),3,Fine-tune 20%,20,finetune,0.1397538185119629,0.5406245124600847,0.5503117109234075,2385.71090972904,5824321.3503001435,3,0.010483980178833008,960,240.0,960.0,
3,Pair 3: Premium → Budget (Whole Dataset),4,Fine-tune 50%,50,finetune,0.10568594932556152,0.5483965337200872,0.5471848299275234,1533.9103355702432,14048574.799505379,3,0.007873773574829102,600,600.0,600.0,
3,Pair 3: Premium → Budget (Whole Dataset),5,Train from Scratch,100,from_scratch,0.11457014083862305,0.5391575740595581,0.5585152701806116,3039.635394231586,28159017.041875098,3,0.002992391586303711,1200,,,3.0
