pair_number,pair_name,test_number,test_name,target_data_percentage,training_mode,training_time,silhouette_score,davies_bouldin_index,calinski_harabasz,inertia,n_clusters,prediction_time,n_samples,train_samples,test_samples,optimal_k
5,"Pair 5: Eggs, Meat & Fish → Baby Care",1,Zero-Shot Transfer,0,transfer_only,0.0,0.3093828583496931,0.9723960235401806,707.0146112688739,1689.9236932892823,3,0.00046944618225097656,1200,,,
5,"Pair 5: Eggs, Meat & Fish → Baby Care",2,Fine-tune 10%,10,finetune,0.08082771301269531,0.5924415866484616,0.5131776121212456,2371.89340940751,346290896.5929229,3,0.004001617431640625,1080,120.0,1080.0,
5,"Pair 5: Eggs, Meat & Fish → Baby Care",3,Fine-tune 20%,20,finetune,0.06960272789001465,0.5720002347457246,0.5676078883741543,2192.246372524854,539233250.2338027,3,0.004950761795043945,960,240.0,960.0,
5,"Pair 5: Eggs, Meat & Fish → Baby Care",4,Fine-tune 50%,50,finetune,0.08245992660522461,0.570679891938132,0.5487117547483749,1392.9054165036102,1646770854.3161507,3,0.009235143661499023,600,600.0,600.0,
5,"Pair 5: Eggs, Meat & Fish → Baby Care",5,Train from Scratch,100,from_scratch,0.1068718433380127,0.5743035951273828,0.5533872089958755,2844.853505977691,3408884971.942216,3,0.005558490753173828,1200,,,3.0
