Pair,Name,Expected_Transferability,Score,Zero_Shot_Silhouette,Best_Finetune_Silhouette,From_Scratch_Silhouette,Improvement_Finetune,Total_Training_Time
1,Pair 1: Cleaning & Household → Foodgrains,HIGH,0.9028,0.3694074777545322,0.5937201449722191,0.5885100155031394,0.22431266721768695,0.4866976737976073
2,"Pair 2: Snacks → Kitchen, Garden & Pets",LOW,0.7254,0.1926442173534424,0.594045441709012,0.5910915095504706,0.4014012243555696,0.3667054176330565
3,Pair 3: Premium → Budget (Whole Dataset),MODERATE,0.8159,0.2932764511298931,0.5483965337200872,0.5391575740595581,0.25512008259019414,0.46466469764709456
4,Pair 4: Premium → Mass-Market Beauty,MODERATE-HIGH,0.8958,0.4338477231669973,0.5386823329874514,0.5421160891298897,0.10483460982045406,0.433352470397949
5,"Pair 5: Eggs, Meat & Fish → Baby Care",LOW,0.8036,0.3093828583496931,0.5924415866484616,0.5743035951273828,0.2830587282987685,0.3397622108459472
6,"Pair 6: Baby Care → Bakery, Cakes & Dairy",LOW,0.7414,0.3037956343093312,0.6079495585368871,0.608880668924661,0.30415392422755594,0.4175524711608886
7,Pair 7: Beverages → Gourmet & World Food,MODERATE-HIGH,0.8951,0.3486957998248862,0.5857109883234871,0.5910723526861678,0.23701518849860093,0.4483952522277831
