domain_id,domain_name,n_customers,optimal_k,silhouette_score,davies_bouldin_index,calinski_harabasz_score,n_segments,largest_segment_pct,smallest_segment_pct
domain_pair1,Cleaning & Household,1500,3,0.39023888467717566,0.8894832405324499,1107.6637491388772,3,51.733333333333334,12.533333333333333
domain_pair2,Snacks & Branded Foods,1500,3,0.38849747722609074,0.8929173810658718,1157.7047647374106,3,51.4,14.000000000000002
domain_pair3,Premium Segment,1500,3,0.4260813233890214,0.7958047820378177,1312.8820294809884,3,54.0,8.266666666666666
domain_pair4,Popular Brands,1500,3,0.40466730048499344,0.8556523547673173,1195.758361296493,3,52.86666666666666,11.0
