domain_id,domain_name,n_customers,optimal_k,silhouette_score,davies_bouldin_index,calinski_harabasz_score,n_segments,largest_segment_pct,smallest_segment_pct
domain_pair1,Cleaning & Household → Foodgrains (No Finetune),1500,3,0.39023888467717566,0.8894832405324499,1107.6637491388772,3,51.733333333333334,12.533333333333333
domain_pair2,"Snacks → Garden, Kitchen (Partial)",1500,3,0.38849747722609074,0.8929173810658718,1157.7047647374106,3,51.4,14.000000000000002
domain_pair3,Premium → Budget (On the whole dataset) (Partial),1500,3,0.4260813233890214,0.7958047820378177,1312.8820294809884,3,54.0,8.266666666666666
domain_pair4,Premimum -> Mass-Market Beauty Products (Partial),1500,3,0.3809859788996305,0.9229327456248653,1107.9433428327084,3,50.46666666666667,13.133333333333333
domain_pair5,"Eggs, Meat and Fish -> Baby Care (New Model)",1500,3,0.38778405595027093,0.8717842705623523,1244.6497945785602,3,52.800000000000004,14.399999999999999
domain_pair6,"Baby Care  -> Bakery, Cakes and Dairy (New Model)",1500,3,0.4749624811607,0.7412684215508282,1695.8503896805516,3,63.13333333333333,17.466666666666665
domain_pair7,Beverages -> Gourmet & World Food (No finetune),1500,3,0.4188349978621032,0.8233906074262763,1199.656055288956,3,60.4,9.6
