Segment,Recency_mean,Recency_median,Recency_std,Recency_count,Frequency_mean,Frequency_median,Frequency_std,Frequency_count,Monetary_mean,Monetary_median,Monetary_std,Monetary_count,Segment_Name,Value_Score
1,13.423892100192678,10.0,11.340189212972527,519,14.07514450867052,14.0,2.7495416831708375,519,2848.471021194605,2618.6,1140.115256816515,519,🌟 Champions,61.7
0,17.12581063553826,15.0,11.183173606224296,771,7.7042801556420235,8.0,2.4744344429222562,771,1104.497055771725,1024.72,562.0755358659391,771,🔔 Need Attention,41.4
2,69.25238095238095,63.0,24.44950110639865,210,4.780952380952381,4.0,2.463051176528828,210,771.4932857142857,561.0,642.4980536177129,210,😴 Hibernating,26.6
