Segment,Recency_mean,Recency_median,Recency_std,Recency_count,Frequency_mean,Frequency_median,Frequency_std,Frequency_count,Monetary_mean,Monetary_median,Monetary_std,Monetary_count,Segment_Name
0,64.67592592592592,57.0,24.718067473081103,216,5.185185185185185,5.0,2.3532190645043944,216,1882.8526388888888,1674.0,1119.7024291941304,216,Hibernating
1,12.514227642276422,9.0,10.28720958629257,492,14.058943089430894,14.0,2.9383657325148143,492,5862.02575203252,5599.675,1519.1986989690088,492,Standard (MHH)
2,15.823232323232324,13.0,11.072639856064784,792,7.86489898989899,8.0,2.345219791068356,792,2741.2377777777774,2769.675,1046.3405785148966,792,Standard (MMM)
