Segment,Recency_mean,Recency_median,Recency_std,Recency_count,Frequency_mean,Frequency_median,Frequency_std,Frequency_count,Monetary_mean,Monetary_median,Monetary_std,Monetary_count,Segment_Name
0,18.962472406181014,16.0,13.388488667418008,906,7.732891832229581,8.0,2.62570376220364,906,2053.58,1940.75,969.4785649896365,906,Standard (MMM)
1,82.67361111111111,74.0,28.28447642168945,144,4.444444444444445,4.0,2.2587135944574963,144,1291.999513888889,1017.75,911.6309947103299,144,Hibernating
2,13.175555555555556,10.0,10.493091492361183,450,14.651111111111112,15.0,2.7225955634882966,450,5143.9947555555555,4822.485000000001,1839.4879692533111,450,Standard (MHH)
