Segment,Recency_mean,Recency_median,Recency_std,Recency_count,Frequency_mean,Frequency_median,Frequency_std,Frequency_count,Monetary_mean,Monetary_median,Monetary_std,Monetary_count,Segment_Name
0,87.43548387096774,81.5,27.725495863954826,124,3.7983870967741935,3.0,2.083539197801482,124,3359.5013709677423,2565.455,2495.811849972661,124,Hibernating
1,19.809876543209878,17.0,14.11749744907156,810,7.234567901234568,8.0,2.33885651827124,810,6328.156456790124,6187.88,2691.5509621451315,810,Standard (MMM)
2,13.964664310954063,10.0,12.1491682432238,566,14.019434628975265,14.0,2.628228724533392,566,15042.154063604243,14198.494999999999,4981.474698311214,566,Standard (MHH)
