Segment,Recency_mean,Recency_median,Recency_std,Recency_count,Frequency_mean,Frequency_median,Frequency_std,Frequency_count,Monetary_mean,Monetary_median,Monetary_std,Monetary_count,Segment_Name
0,77.98787878787878,72.0,25.981463344973346,165,4.363636363636363,4.0,2.298172415709527,165,1538.8704242424242,1161.09,1291.2956356109892,165,Hibernating
1,18.61034047919294,16.0,12.34533584727071,793,7.528373266078184,8.0,2.554361392427229,793,2392.5800630517024,2302.8,1158.0683408355385,793,Standard (MMM)
2,13.96309963099631,11.0,11.021845388678827,542,13.977859778597786,14.0,2.8106393840903148,542,6058.633081180812,5595.65,2282.037764331241,542,Standard (MHH)
