Segment,Recency_mean,Recency_median,Recency_std,Recency_count,Frequency_mean,Frequency_median,Frequency_std,Frequency_count,Monetary_mean,Monetary_median,Monetary_std,Monetary_count,Segment_Name,Value_Score
0,13.287313432835822,10.0,10.809285877433387,536,13.960820895522389,14.0,2.7999256461442643,536,4652.416361940298,4271.79,1841.083216174046,536,🌟 Champions,58.5
1,17.552835051546392,16.0,11.385436864577182,776,7.539948453608248,8.0,2.51672126641458,776,1769.9166365979381,1683.5,909.8629036238742,776,🔔 Need Attention,39.6
2,69.82446808510639,63.0,25.407187438052734,188,4.867021276595745,5.0,2.46870848036827,188,1416.9328723404255,1073.6,1196.193409555676,188,😴 Hibernating,25.6
