pair_name,n_source_customers,n_target_customers,mmd,js_divergence,correlation_stability,ks_statistic,wasserstein_distance,transferability_score,recommendation,strategy
Pair 1: Cleaning & Household → Foodgrains,1500,1200,0.07333033944514654,0.09776373809216153,0.9981908393080633,0.04827777777777778,0.07425362822583727,0.9397261243914351,HIGH - Transfer as-is,Use source model directly with minimal/no fine-tuning
"Pair 2: Snacks → Garden, Kitchen",1500,1200,0.36250203580743157,0.22887464715465536,0.9994073787123906,0.2115,1.1490908043458352,0.7749837313488459,HIGH - Transfer as-is,Use source model directly with minimal/no fine-tuning
Pair 3: Premium → Budget,1500,1200,0.548840754978653,0.30979743580490376,0.9991720045033258,0.3291111111111111,0.5226299978824559,0.7312080263436149,MODERATE - Fine-tune recommended,Use 10-30% of target data for fine-tuning
Pair 4: Premium → Mass-Market Beauty Products,1500,1200,0.6092038783363917,0.3416937452952,0.9999687695506863,0.34694444444444444,0.8147611051008222,0.7024815221832424,MODERATE - Fine-tune recommended,Use 10-30% of target data for fine-tuning
"Pair 5: Eggs, Meat and Fish → Baby Care",1500,1200,0.19432105119545467,0.15379096462371897,0.9980717269163253,0.10916666666666668,0.38281662461706895,0.8658124633419054,HIGH - Transfer as-is,Use source model directly with minimal/no fine-tuning
"Pair 6: Baby Care → Bakery, Cakes and Dairy",1500,1200,0.3176155191912081,0.2554791846770171,0.9997283174663151,0.19083333333333333,0.33792669852980134,0.8073935707493742,HIGH - Transfer as-is,Use source model directly with minimal/no fine-tuning
Pair 7: Beverages → Gourmet & World Food,1500,1200,0.13845462536636846,0.13339269163461065,0.9985503752563487,0.08827777777777779,0.20757163241975665,0.8979242085193053,HIGH - Transfer as-is,Use source model directly with minimal/no fine-tuning
