Experiment,Source_N,Target_N,Source_Avg_Recency,Target_Avg_Recency,Source_Avg_Monetary,Target_Avg_Monetary
Exp 5: UK→France,3920,87,92.20841836734694,89.52873563218391,1864.3856005102039,2402.575287356322
Exp 6: UK→Germany,3920,94,92.20841836734694,77.59574468085107,1864.3856005102039,2434.756808510638
Exp 7: High→Medium,980,1960,35.04897959183673,92.04081632653062,5818.684817346939,732.7534147959184
