metric,direct_transfer,finetuned_transfer,improvement_pct
Silhouette Score,0.5958007622774173,0.5015112794223434,-15.825673417176786
Davies-Bouldin Index,0.6389219315266675,0.6006522100139027,5.989733584715357
Calinski-Harabasz Score,112.33902696533274,65.84292211346886,-41.389093450321894
