Segment,Recency_mean,Recency_median,Recency_std,Recency_count,Frequency_mean,Frequency_median,Frequency_std,Frequency_count,Monetary_mean,Monetary_median,Monetary_std,Monetary_count,Segment_Name,Value_Score
4,2.6666666666666665,0.0,4.618802153517007,3,36.0,46.0,30.265491900843113,3,207560.19666666666,194550.79,46963.82048049362,3,🌟 Champions,62.8
2,5.2105263157894735,3.0,8.854245355687489,19,66.78947368421052,51.0,44.33656497916868,19,49710.911052631585,54534.14,21131.138881086237,19,🌟 Champions,43.5
3,17.103806228373703,8.0,37.52419986808646,289,17.134948096885815,15.0,7.414263895484165,289,7968.782975778546,5575.56,8040.80724997053,289,🌟 Champions,28.0
1,44.324518322629395,33.0,36.12423050759711,2647,3.330940687570835,3.0,2.3331791297999205,2647,1139.7542852285605,748.5,1159.5453828535224,2647,🌟 Champions,22.8
0,246.6237006237006,241.5,65.80094679399565,962,1.5592515592515592,1.0,1.0925548160811918,962,437.9374022869023,305.765,522.7756370318513,962,🔔 Need Attention,8.8
