metric,direct_transfer,finetuned_transfer,improvement_pct
Silhouette Score,0.498610281005982,0.6059079534860328,21.519346184272422
Davies-Bouldin Index,0.46956052436318957,0.513927314171673,-9.448577447742863
Calinski-Harabasz Score,235.13493284860152,936.3846569291464,298.23289784511303
