metric,direct_transfer,finetuned_transfer,improvement_pct
Silhouette Score,0.4423745515929801,0.4145820840139317,-6.282564735916296
Davies-Bouldin Index,0.9074338118900551,0.8436179897811664,7.032559429978639
Calinski-Harabasz Score,284.1675836693945,462.1065948484619,62.61763177959268
