metric,direct_transfer,finetuned_transfer,improvement_pct
Silhouette Score,0.34995794308858613,0.33972159277913555,-2.9250229953658793
Davies-Bouldin Index,0.923067802436759,0.9922218185230833,-7.491759099793992
Calinski-Harabasz Score,608.022409705081,670.1336158724774,10.21528239354257
